-- phpMyAdmin SQL Dump
-- version 4.5.1
-- http://www.phpmyadmin.net
--
-- Host: 127.0.0.1
-- Generation Time: Mar 29, 2018 at 06:48 AM
-- Server version: 10.1.19-MariaDB
-- PHP Version: 7.0.13

SET SQL_MODE = "NO_AUTO_VALUE_ON_ZERO";
SET time_zone = "+00:00";


/*!40101 SET @OLD_CHARACTER_SET_CLIENT=@@CHARACTER_SET_CLIENT */;
/*!40101 SET @OLD_CHARACTER_SET_RESULTS=@@CHARACTER_SET_RESULTS */;
/*!40101 SET @OLD_COLLATION_CONNECTION=@@COLLATION_CONNECTION */;
/*!40101 SET NAMES utf8mb4 */;

--
-- Database: `app_db`
--

-- --------------------------------------------------------

--
-- Table structure for table `lookup`
--

CREATE TABLE `lookup` (
  `PK_LOOKUP` int(11) NOT NULL,
  `IS_ACTIVE` int(11) DEFAULT NULL,
  `CODE` varchar(255) DEFAULT NULL,
  `DESCR` varchar(255) DEFAULT NULL,
  `LOOKUP_GROUP` varchar(255) DEFAULT NULL,
  `NAME` varchar(255) DEFAULT NULL,
  `ORDER_NO` int(11) DEFAULT NULL
) ENGINE=InnoDB DEFAULT CHARSET=latin1;

--
-- Dumping data for table `lookup`
--

INSERT INTO `lookup` (`PK_LOOKUP`, `IS_ACTIVE`, `CODE`, `DESCR`, `LOOKUP_GROUP`, `NAME`, `ORDER_NO`) VALUES
(2, 1, 'ADMIN', 'ADMIN', 'USER_ROLE', 'ADMIN', 1),
(3, 1, 'AUDITOR', 'AUDITOR', 'USER_ROLE', 'AUDITOR', 1),
(4, 1, 'PETUGAS_MONITOR', 'PETUGAS_MONITOR', 'USER_ROLE', 'PETUGAS_MONITOR', 1),
(5, 1, 'PUSBIN', 'PUSBIN', 'USER_ROLE', 'PUSBIN', 1),
(6, 1, 'UNIT_APIP', 'UNIT_APIP', 'USER_ROLE', 'UNIT_APIP', 1);

-- --------------------------------------------------------

--
-- Table structure for table `lookup_group`
--

CREATE TABLE `lookup_group` (
  `LOOKUP_GROUP` varchar(255) DEFAULT NULL,
  `GROUP_DESCR` varchar(255) DEFAULT NULL,
  `IS_UPDATABLE` int(11) DEFAULT NULL,
  `IS_VIEWABLE` int(11) DEFAULT NULL
) ENGINE=InnoDB DEFAULT CHARSET=latin1;

--
-- Dumping data for table `lookup_group`
--

INSERT INTO `lookup_group` (`LOOKUP_GROUP`, `GROUP_DESCR`, `IS_UPDATABLE`, `IS_VIEWABLE`) VALUES
('USER_ROLE', 'USER_ROLE', 1, 1);

-- --------------------------------------------------------

--
-- Table structure for table `menu_page`
--

CREATE TABLE `menu_page` (
  `PK_MENU_PAGE` int(11) NOT NULL,
  `MENU_NAME` varchar(100) NOT NULL,
  `MENU_MAIN` varchar(100) NOT NULL,
  `MENU_URL` varchar(200) NOT NULL,
  `MENU_CREATED_BY` varchar(100) NOT NULL,
  `MENU_CREATED_DATE` date NOT NULL,
  `MENU_ICON` varchar(100) NOT NULL,
  `FK_LOOKUP_MENU` int(11) DEFAULT NULL
) ENGINE=InnoDB DEFAULT CHARSET=latin1;

--
-- Dumping data for table `menu_page`
--

INSERT INTO `menu_page` (`PK_MENU_PAGE`, `MENU_NAME`, `MENU_MAIN`, `MENU_URL`, `MENU_CREATED_BY`, `MENU_CREATED_DATE`, `MENU_ICON`, `FK_LOOKUP_MENU`) VALUES
(1, 'auditor', 'auditor', 'sertifikasi/auditor', 'admin', '2018-03-29', '', 3),
(2, 'admin', 'admin', 'sertifikasi/admin', 'admin', '2018-03-29', '', 2),
(3, 'monitoring', 'monitoring', 'sertifikasi/monitoring', 'admin', '2018-03-29', '', 4),
(4, 'pusbin', 'pusbin', 'sertifikasi/pusbin', 'admin', '2018-03-29', '', 5),
(5, 'unit_apip', 'unit_apip', 'sertifikasi/unit_apip', 'admin', '2018-03-29', '', 6);

-- --------------------------------------------------------

--
-- Table structure for table `users`
--

CREATE TABLE `users` (
  `PK_USER` int(11) NOT NULL,
  `USER_NAME` varchar(50) NOT NULL,
  `USER_PASSWORD` varchar(250) NOT NULL,
  `FK_LOOKUP_ROLE` int(11) NOT NULL
) ENGINE=InnoDB DEFAULT CHARSET=latin1;

--
-- Dumping data for table `users`
--

INSERT INTO `users` (`PK_USER`, `USER_NAME`, `USER_PASSWORD`, `FK_LOOKUP_ROLE`) VALUES
(1, 'auditor', 'CDkaHSZYVXUWH9uwCk7+ShWI/MR1BsZn+UIhdox4A2Q2wVlh7quSMqg9Bd5zVoZS/zvQDi8ZR4Z/fcWrhbjXbg==', 3),
(2, 'admin', 'CDkaHSZYVXUWH9uwCk7+ShWI/MR1BsZn+UIhdox4A2Q2wVlh7quSMqg9Bd5zVoZS/zvQDi8ZR4Z/fcWrhbjXbg==', 2),
(3, 'petugas_monitor', 'CDkaHSZYVXUWH9uwCk7+ShWI/MR1BsZn+UIhdox4A2Q2wVlh7quSMqg9Bd5zVoZS/zvQDi8ZR4Z/fcWrhbjXbg==', 4),
(4, 'pusbin', 'CDkaHSZYVXUWH9uwCk7+ShWI/MR1BsZn+UIhdox4A2Q2wVlh7quSMqg9Bd5zVoZS/zvQDi8ZR4Z/fcWrhbjXbg==', 5),
(5, 'unit_apip', 'CDkaHSZYVXUWH9uwCk7+ShWI/MR1BsZn+UIhdox4A2Q2wVlh7quSMqg9Bd5zVoZS/zvQDi8ZR4Z/fcWrhbjXbg==', 6);

--
-- Indexes for dumped tables
--

--
-- Indexes for table `lookup`
--
ALTER TABLE `lookup`
  ADD PRIMARY KEY (`PK_LOOKUP`);

--
-- Indexes for table `lookup_group`
--
ALTER TABLE `lookup_group`
  ADD UNIQUE KEY `LOOKUP_GROUP` (`LOOKUP_GROUP`);

--
-- Indexes for table `menu_page`
--
ALTER TABLE `menu_page`
  ADD PRIMARY KEY (`PK_MENU_PAGE`),
  ADD KEY `FK_LOOKUP_MENU` (`FK_LOOKUP_MENU`);

--
-- Indexes for table `users`
--
ALTER TABLE `users`
  ADD PRIMARY KEY (`PK_USER`),
  ADD KEY `FK_LOOKUP_ROLE` (`FK_LOOKUP_ROLE`);

--
-- Constraints for dumped tables
--

--
-- Constraints for table `menu_page`
--
ALTER TABLE `menu_page`
  ADD CONSTRAINT `menu_page_ibfk_1` FOREIGN KEY (`FK_LOOKUP_MENU`) REFERENCES `lookup` (`PK_LOOKUP`);

--
-- Constraints for table `users`
--
ALTER TABLE `users`
  ADD CONSTRAINT `users_ibfk_1` FOREIGN KEY (`FK_LOOKUP_ROLE`) REFERENCES `lookup` (`PK_LOOKUP`);

/*!40101 SET CHARACTER_SET_CLIENT=@OLD_CHARACTER_SET_CLIENT */;
/*!40101 SET CHARACTER_SET_RESULTS=@OLD_CHARACTER_SET_RESULTS */;
/*!40101 SET COLLATION_CONNECTION=@OLD_COLLATION_CONNECTION */;
